SupplierName,SupAddress1,SupAddress2,City,State,SupplierZip,SupplierID,Supplier_Company_Origin
,,,,,,,
PEC,,,,,,,PEC
TPC East,,,,,,,PEC
TPC West,,,,,,,PEC
Specialty Teleconstructors Incorporated,Attn : Zylina Cox,2161 Chalmers Street,Salinas,CA,93905,1,TPC-W
Saurer Gruppe Holding Ag,Attn : Pearce Valdez,3727 Elms Drive,South Saint Paul,MN,55077,10,TPC-E
SIncorporatedlair Broadcast Group Incorporated,Attn : Carla Shelby,6037 Ecuadorian Street,Clinton,MI,49236,2,TPC-E
Black Hills Corporation,Attn : Edena Gilbert,1618 Greenland Street,Tallahassee,FL,32304,3,TPC-E
Immunex Corporation,Attn : Elbert Glad,5841 Pervades Drive,Fairfax,VA,22035,4,TPC-E
Dollar General Corporation,Attn : Antoinette Hickey,3988 Chanced Avenue,S Middleton,PA,17007,5,TPC-E
First Bancshares Incorporated Mo,Attn : Jensine Lease,11885 Aural Turnpike,Louisville,KY,40253,6,TPC-E
Afg Industries Incorporated,Attn : Dorothy Polk,5377 Cookbook Circle,Vero Beach,FL,32967,7,TPC-E
American General Ventures Incorporated,Attn : Kimberly Yarborough,1616 Goggles Drive,Sterling,KS,67579,8,TPC-E
Fedders Corporation,Attn : Virgil Hubert,7844 Carelessly Drive,Overlook,WA,98366,9,TPC-E
